{
  "product_name": "Compose",
  "product_version": "2021.2.0.194",
  "created_on": "03/23/2021 13:46:10",
  "objects": [
    {
      "id": 6,
      "path": "/",
      "name": "customers",
      "type": "Entity",
      "creation_time": 0,
      "modification_time": 0,
      "inner_item": {
        "$type": "EntityDto",
        "time_model_entity_id": 0,
        "is_reference_entity": false,
        "save_history": true,
        "use_backdating": false,
        "use_precurse_rows": false,
        "id": 6,
        "name": "customers",
        "version": 637514120975420000,
        "metadata": {
          "creation_time": 637514120975420000,
          "modification_time": 637514120975420000,
          "tags": [],
          "caller_role": "NONE"
        }
      },
      "tags": [],
      "software_version": 1
    },
    {
      "id": 20,
      "path": "/",
      "name": "locations",
      "type": "Entity",
      "creation_time": 0,
      "modification_time": 0,
      "inner_item": {
        "$type": "EntityDto",
        "time_model_entity_id": 0,
        "is_reference_entity": false,
        "save_history": true,
        "use_backdating": false,
        "use_precurse_rows": false,
        "id": 20,
        "name": "locations",
        "version": 637514121019700000,
        "metadata": {
          "creation_time": 637514121019700000,
          "modification_time": 637514121019700000,
          "tags": [],
          "caller_role": "NONE"
        }
      },
      "tags": [],
      "software_version": 1
    },
    {
      "id": 23,
      "path": "/",
      "name": "offices",
      "type": "Entity",
      "creation_time": 0,
      "modification_time": 0,
      "inner_item": {
        "$type": "EntityDto",
        "time_model_entity_id": 0,
        "is_reference_entity": false,
        "save_history": true,
        "use_backdating": false,
        "use_precurse_rows": false,
        "id": 23,
        "name": "offices",
        "version": 637514121058580000,
        "metadata": {
          "creation_time": 637514121058580000,
          "modification_time": 637514121058580000,
          "tags": [],
          "caller_role": "NONE"
        }
      },
      "tags": [],
      "software_version": 1
    },
    {
      "id": 26,
      "path": "/",
      "name": "products",
      "type": "Entity",
      "creation_time": 0,
      "modification_time": 0,
      "inner_item": {
        "$type": "EntityDto",
        "time_model_entity_id": 0,
        "is_reference_entity": false,
        "save_history": true,
        "use_backdating": false,
        "use_precurse_rows": false,
        "id": 26,
        "name": "products",
        "version": 637514121093380000,
        "metadata": {
          "creation_time": 637514121093380000,
          "modification_time": 637514121093380000,
          "tags": [],
          "caller_role": "NONE"
        }
      },
      "tags": [],
      "software_version": 1
    },
    {
      "id": 76,
      "path": "/",
      "name": "orderdetails",
      "type": "Entity",
      "creation_time": 0,
      "modification_time": 0,
      "inner_item": {
        "$type": "EntityDto",
        "time_model_entity_id": 0,
        "is_reference_entity": false,
        "save_history": true,
        "use_backdating": false,
        "use_precurse_rows": false,
        "id": 76,
        "name": "orderdetails",
        "version": 637514851292410000,
        "metadata": {
          "creation_time": 637514851292410000,
          "modification_time": 637514851292410000,
          "tags": [],
          "caller_role": "NONE"
        }
      },
      "tags": [],
      "software_version": 1
    },
    {
      "id": 3,
      "path": "/",
      "name": "Data Lake",
      "type": "Database",
      "creation_time": 0,
      "modification_time": 0,
      "inner_item": {
        "$type": "DatabaseDto",
        "usage": "DATA_WAREHOUSE",
        "dbms": "Databricks Delta",
        "server_name": "adb-5830719978763453.13.azuredatabricks.net",
        "database_name": "",
        "user_name": "token",
        "password": "",
        "included_schemas": "pl_dbricks_demo_sc_storage",
        "templateDatabaseType": "DATABRICKSDELTA",
        "original_sourcedb_id": 0,
        "has_source_definition": false,
        "landing_zone": {
          "landing_type": "DATABASE",
          "replicate_task_type": "FULL_LOAD_AND_CDC",
          "associate_with_replicate_task": false,
          "archive_settings": {
            "ct_post_processing": "DO_NOTHING"
          }
        },
        "port": 443,
        "jdbc_connection_string": "UseNativeQuery=1;spark.sql.crossJoin.enabled=true;",
        "db_settings": {
          "$type": "DatabricksDbSettings",
          "authentication_type": "DATABRICKS_DELTA",
          "authentication_settings": {
            "$type": "DatabricksConfiguration",
            "gateway_path": "sql/protocolv1/o/5830719978763453/0430-213310-strop796"
          },
          "ssl_configuration": {
            "use_ssl": false,
            "allow_self_signed_certs": false
          },
          "is_glue_metadata": false
        },
        "multibyte_character_multiplier": 1,
        "apply_ddl_changes": false,
        "max_table_cols_single_read": 100,
        "use_long_object_names": false,
        "use_zoo_keeper": false,
        "zoo_keeper_namespace": "hiveserver2",
        "cache_only_the_discovered_tables": true,
        "full_connection_string": {
          "enabled": false
        },
        "id": 3,
        "name": "Data Lake",
        "version": 637514120093780000,
        "metadata": {
          "creation_time": 637514120093780000,
          "modification_time": 637514120093780000,
          "tags": [],
          "caller_role": "NONE"
        }
      },
      "tags": [],
      "software_version": 5
    },
    {
      "id": 4,
      "path": "/",
      "name": "Sales_Landing",
      "type": "Database",
      "creation_time": 0,
      "modification_time": 0,
      "inner_item": {
        "$type": "DatabaseDto",
        "usage": "SOURCE",
        "dbms": "Databricks Delta",
        "server_name": "adb-5830719978763453.13.azuredatabricks.net",
        "database_name": "",
        "user_name": "token",
        "included_schemas": "*",
        "templateDatabaseType": "DATABRICKSDELTA",
        "original_sourcedb_id": 0,
        "has_source_definition": false,
        "landing_zone": {
          "landing_type": "DATABASE",
          "schema_name": "pl_dbricks_demo_sc_landing",
          "replicate_task_type": "FULL_LOAD_AND_CDC",
          "replicate_task_name": "dbricks_demo_sc",
          "associate_with_replicate_task": true,
          "archive_settings": {
            "ct_post_processing": "DELETE"
          },
          "task_uuid": "f1d2d289-5396-bf4b-9981-99f2506ecb0b"
        },
        "port": 443,
        "jdbc_connection_string": "UseNativeQuery=1;spark.sql.crossJoin.enabled=true;",
        "db_settings": {
          "$type": "DatabricksDbSettings",
          "authentication_type": "DATABRICKS_DELTA",
          "authentication_settings": {
            "$type": "DatabricksConfiguration"
          },
          "ssl_configuration": {
            "use_ssl": false,
            "allow_self_signed_certs": false
          },
          "is_glue_metadata": false
        },
        "multibyte_character_multiplier": 1,
        "apply_ddl_changes": false,
        "max_table_cols_single_read": 100,
        "use_long_object_names": false,
        "use_zoo_keeper": false,
        "zoo_keeper_namespace": "hiveserver2",
        "cache_only_the_discovered_tables": true,
        "full_connection_string": {
          "enabled": false
        },
        "id": 4,
        "name": "Sales_Landing",
        "version": 637514120689000000,
        "metadata": {
          "creation_time": 637514120689000000,
          "modification_time": 637514120689000000,
          "tags": [],
          "caller_role": "NONE"
        }
      },
      "tags": [],
      "software_version": 5
    },
    {
      "id": 5,
      "path": "/",
      "name": "Sales_Landing_Landing",
      "type": "Database",
      "creation_time": 0,
      "modification_time": 0,
      "inner_item": {
        "$type": "DatabaseDto",
        "usage": "SOURCE",
        "dbms": "Databricks Delta",
        "server_name": "adb-5830719978763453.13.azuredatabricks.net",
        "user_name": "token",
        "password": "",
        "included_schemas": "pl_dbricks_demo_sc_landing",
        "templateDatabaseType": "SQLSERVER",
        "original_sourcedb_id": 4,
        "has_source_definition": true,
        "port": 443,
        "jdbc_connection_string": "UseNativeQuery=1;spark.sql.crossJoin.enabled=true;",
        "db_settings": {
          "$type": "DatabricksDbSettings",
          "authentication_type": "DATABRICKS_DELTA",
          "authentication_settings": {
            "$type": "DatabricksConfiguration",
            "gateway_path": "sql/protocolv1/o/5830719978763453/0430-213310-strop796"
          },
          "ssl_configuration": {
            "use_ssl": false,
            "allow_self_signed_certs": false
          },
          "is_glue_metadata": false
        },
        "multibyte_character_multiplier": 1,
        "apply_ddl_changes": false,
        "max_table_cols_single_read": 100,
        "original_sourcedb_name": "Sales_Landing",
        "use_long_object_names": false,
        "use_zoo_keeper": false,
        "zoo_keeper_namespace": "hiveserver2",
        "cache_only_the_discovered_tables": true,
        "id": 5,
        "name": "Sales_Landing_Landing",
        "version": 637514120689200000,
        "metadata": {
          "creation_time": 637514120689200000,
          "modification_time": 637514120689200000,
          "tags": [],
          "caller_role": "NONE"
        }
      },
      "tags": [],
      "software_version": 5
    },
    {
      "id": 89,
      "path": "/",
      "name": "VersionControl",
      "type": "VersionControl",
      "creation_time": 0,
      "modification_time": 0,
      "inner_item": {
        "$type": "VersionControlDto",
        "type": "Git",
        "use_remote_server": true,
        "remote_url": "https://github.com/justovertheroad/Compose-Databricks",
        "user_name": "plovett@live.co.uk",
        "password": "",
        "name": "VersionControl",
        "version": 637521039575000000,
        "metadata": {
          "creation_time": 637521035727490000,
          "modification_time": 637521039575000000,
          "tags": [],
          "caller_role": "NONE"
        }
      },
      "tags": [],
      "software_version": 1
    },
    {
      "id": 1,
      "path": "/",
      "name": "settings",
      "type": "ACProjectSettings",
      "creation_time": 0,
      "modification_time": 0,
      "inner_item": {
        "$type": "ACProjectSettings",
        "from_date_col_name": "FD",
        "to_date_col_name": "TD",
        "lowest_date": "1780-01-01",
        "highest_date": "9999-12-31",
        "map_name_prefix": "Map",
        "stop_after_staging": false,
        "use_datetime2": false,
        "dwh_key_name": "ID",
        "naming_conv": {
          "dwh_prefix": "",
          "hub_suffix": "_HUB",
          "sat_suffix": "_S",
          "lnk_suffix": "_L",
          "dma_prefix": "TDMA_",
          "dwh_view_prefix": "",
          "replicate_change_table_suffix": "__ct",
          "error_mart_suffix": "__ex",
          "dma_view_prefix": "VDMA_",
          "ct_archive_suffix": "__ar",
          "control_table_prefix": "qlik_cmps_",
          "column_prefix": "header__",
          "from_date_suffix": "from_date",
          "to_date_suffix": "to_date",
          "soft_delete_suffix": "deleted",
          "created_batch_suffix": "created_batch",
          "modified_batch_suffix": "modified_batch",
          "dropped_column_suffix": "__dropped",
          "provisioning_table_prefix": "",
          "store_suffix": "store",
          "change_oper_suffix": "change_oper",
          "timestamp_suffix": "timestamp",
          "app_timestamp_suffix": "app_timestamp",
          "archive_timestamp_suffix": "archive_timestamp",
          "dl_naming_conventions": {
            "views_database_suffix": "_v",
            "internal_views_database_suffix": "_v_internal",
            "ods_view_suffix": "",
            "ods_live_view_suffix": "_live",
            "hds_view_suffix": "_history",
            "hds_live_view_suffix": "_live_history"
          }
        },
        "create_ddl_scripts_only": false,
        "ignore_data_type_check": false,
        "write_tdwm_to_db": false,
        "hide_default_workflows": false,
        "environment": {
          "environment_type": "DEVELOPMENT",
          "environment_title": "SC-Example"
        },
        "support_backdating": false,
        "use_precurse_rows": false,
        "project_type": "DL",
        "dwh_type": "MSACCESS",
        "datalakes_project_settings": {
          "public_views_info": {
            "include_store_type": true,
            "include_store_op": true,
            "include_soft_delete": true,
            "include_created_batch": true,
            "include_modified_batch": true,
            "include_timestamp": true,
            "include_app_timestamp": true,
            "include_from_date": true,
            "include_to_date": true,
            "include_archive_timestamp": true
          },
          "merge_load_into_table": true,
          "can_drop_views_db": false,
          "truncate_tables_on_full_load": true,
          "db_location": "",
          "datalake_deployment_type": "Azure",
          "datalake_storage_type": "DATABRICKSDELTA",
          "datalake_compute_type": "DATABRICKS",
          "use_buckets": true,
          "number_of_buckets": 10,
          "default_save_history": true
        },
        "delete_type": "SOFTDELETE",
        "skip_lookup_check_on_generate": false,
        "use_utc": true,
        "name": "settings",
        "version": 637514116201160000,
        "metadata": {
          "creation_time": 637514116200870000,
          "modification_time": 637514116201160000,
          "tags": [],
          "caller_role": "NONE"
        }
      },
      "tags": [],
      "software_version": 2
    },
    {
      "id": 7,
      "path": "/",
      "name": "customerNumber",
      "type": "DomainAttribute",
      "creation_time": 0,
      "modification_time": 0,
      "inner_item": {
        "$type": "DomainAttributeDto",
        "type": "Integer",
        "length": 0,
        "scale": 0,
        "time_model_entity_id": 0,
        "is_reference_entity": false,
        "save_history": true,
        "use_backdating": false,
        "use_precurse_rows": false,
        "id": 7,
        "name": "customerNumber",
        "version": 637514120975470000,
        "metadata": {
          "creation_time": 637514120975470000,
          "modification_time": 637514120975470000,
          "tags": [],
          "caller_role": "NONE"
        }
      },
      "tags": [],
      "software_version": 2
    },
    {
      "id": 8,
      "path": "/",
      "name": "customerName",
      "type": "DomainAttribute",
      "creation_time": 0,
      "modification_time": 0,
      "inner_item": {
        "$type": "DomainAttributeDto",
        "type": "String",
        "length": 0,
        "scale": 0,
        "time_model_entity_id": 0,
        "is_reference_entity": false,
        "save_history": true,
        "use_backdating": false,
        "use_precurse_rows": false,
        "id": 8,
        "name": "customerName",
        "version": 637514120975490000,
        "metadata": {
          "creation_time": 637514120975490000,
          "modification_time": 637514120975490000,
          "tags": [],
          "caller_role": "NONE"
        }
      },
      "tags": [],
      "software_version": 2
    },
    {
      "id": 9,
      "path": "/",
      "name": "contactLastName",
      "type": "DomainAttribute",
      "creation_time": 0,
      "modification_time": 0,
      "inner_item": {
        "$type": "DomainAttributeDto",
        "type": "String",
        "length": 0,
        "scale": 0,
        "time_model_entity_id": 0,
        "is_reference_entity": false,
        "save_history": true,
        "use_backdating": false,
        "use_precurse_rows": false,
        "id": 9,
        "name": "contactLastName",
        "version": 637514120975500000,
        "metadata": {
          "creation_time": 637514120975500000,
          "modification_time": 637514120975500000,
          "tags": [],
          "caller_role": "NONE"
        }
      },
      "tags": [],
      "software_version": 2
    },
    {
      "id": 10,
      "path": "/",
      "name": "contactFirstName",
      "type": "DomainAttribute",
      "creation_time": 0,
      "modification_time": 0,
      "inner_item": {
        "$type": "DomainAttributeDto",
        "type": "String",
        "length": 0,
        "scale": 0,
        "time_model_entity_id": 0,
        "is_reference_entity": false,
        "save_history": true,
        "use_backdating": false,
        "use_precurse_rows": false,
        "id": 10,
        "name": "contactFirstName",
        "version": 637514120975500000,
        "metadata": {
          "creation_time": 637514120975500000,
          "modification_time": 637514120975500000,
          "tags": [],
          "caller_role": "NONE"
        }
      },
      "tags": [],
      "software_version": 2
    },
    {
      "id": 11,
      "path": "/",
      "name": "phone",
      "type": "DomainAttribute",
      "creation_time": 0,
      "modification_time": 0,
      "inner_item": {
        "$type": "DomainAttributeDto",
        "type": "String",
        "length": 0,
        "scale": 0,
        "time_model_entity_id": 0,
        "is_reference_entity": false,
        "save_history": true,
        "use_backdating": false,
        "use_precurse_rows": false,
        "id": 11,
        "name": "phone",
        "version": 637514120975500000,
        "metadata": {
          "creation_time": 637514120975500000,
          "modification_time": 637514120975500000,
          "tags": [],
          "caller_role": "NONE"
        }
      },
      "tags": [],
      "software_version": 2
    },
    {
      "id": 12,
      "path": "/",
      "name": "addressLine1",
      "type": "DomainAttribute",
      "creation_time": 0,
      "modification_time": 0,
      "inner_item": {
        "$type": "DomainAttributeDto",
        "type": "String",
        "length": 0,
        "scale": 0,
        "time_model_entity_id": 0,
        "is_reference_entity": false,
        "save_history": true,
        "use_backdating": false,
        "use_precurse_rows": false,
        "id": 12,
        "name": "addressLine1",
        "version": 637514120975510000,
        "metadata": {
          "creation_time": 637514120975510000,
          "modification_time": 637514120975510000,
          "tags": [],
          "caller_role": "NONE"
        }
      },
      "tags": [],
      "software_version": 2
    },
    {
      "id": 13,
      "path": "/",
      "name": "addressLine2",
      "type": "DomainAttribute",
      "creation_time": 0,
      "modification_time": 0,
      "inner_item": {
        "$type": "DomainAttributeDto",
        "type": "String",
        "length": 0,
        "scale": 0,
        "time_model_entity_id": 0,
        "is_reference_entity": false,
        "save_history": true,
        "use_backdating": false,
        "use_precurse_rows": false,
        "id": 13,
        "name": "addressLine2",
        "version": 637514120975510000,
        "metadata": {
          "creation_time": 637514120975510000,
          "modification_time": 637514120975510000,
          "tags": [],
          "caller_role": "NONE"
        }
      },
      "tags": [],
      "software_version": 2
    },
    {
      "id": 14,
      "path": "/",
      "name": "city",
      "type": "DomainAttribute",
      "creation_time": 0,
      "modification_time": 0,
      "inner_item": {
        "$type": "DomainAttributeDto",
        "type": "String",
        "length": 0,
        "scale": 0,
        "time_model_entity_id": 0,
        "is_reference_entity": false,
        "save_history": true,
        "use_backdating": false,
        "use_precurse_rows": false,
        "id": 14,
        "name": "city",
        "version": 637514120975510000,
        "metadata": {
          "creation_time": 637514120975510000,
          "modification_time": 637514120975510000,
          "tags": [],
          "caller_role": "NONE"
        }
      },
      "tags": [],
      "software_version": 2
    },
    {
      "id": 15,
      "path": "/",
      "name": "state",
      "type": "DomainAttribute",
      "creation_time": 0,
      "modification_time": 0,
      "inner_item": {
        "$type": "DomainAttributeDto",
        "type": "String",
        "length": 0,
        "scale": 0,
        "time_model_entity_id": 0,
        "is_reference_entity": false,
        "save_history": true,
        "use_backdating": false,
        "use_precurse_rows": false,
        "id": 15,
        "name": "state",
        "version": 637514120975520000,
        "metadata": {
          "creation_time": 637514120975520000,
          "modification_time": 637514120975520000,
          "tags": [],
          "caller_role": "NONE"
        }
      },
      "tags": [],
      "software_version": 2
    },
    {
      "id": 16,
      "path": "/",
      "name": "postalCode",
      "type": "DomainAttribute",
      "creation_time": 0,
      "modification_time": 0,
      "inner_item": {
        "$type": "DomainAttributeDto",
        "type": "String",
        "length": 0,
        "scale": 0,
        "time_model_entity_id": 0,
        "is_reference_entity": false,
        "save_history": true,
        "use_backdating": false,
        "use_precurse_rows": false,
        "id": 16,
        "name": "postalCode",
        "version": 637514120975520000,
        "metadata": {
          "creation_time": 637514120975520000,
          "modification_time": 637514120975520000,
          "tags": [],
          "caller_role": "NONE"
        }
      },
      "tags": [],
      "software_version": 2
    },
    {
      "id": 17,
      "path": "/",
      "name": "country",
      "type": "DomainAttribute",
      "creation_time": 0,
      "modification_time": 0,
      "inner_item": {
        "$type": "DomainAttributeDto",
        "type": "String",
        "length": 0,
        "scale": 0,
        "time_model_entity_id": 0,
        "is_reference_entity": false,
        "save_history": true,
        "use_backdating": false,
        "use_precurse_rows": false,
        "id": 17,
        "name": "country",
        "version": 637514120975520000,
        "metadata": {
          "creation_time": 637514120975520000,
          "modification_time": 637514120975520000,
          "tags": [],
          "caller_role": "NONE"
        }
      },
      "tags": [],
      "software_version": 2
    },
    {
      "id": 18,
      "path": "/",
      "name": "salesRepEmployeeNumber",
      "type": "DomainAttribute",
      "creation_time": 0,
      "modification_time": 0,
      "inner_item": {
        "$type": "DomainAttributeDto",
        "type": "Integer",
        "length": 0,
        "scale": 0,
        "time_model_entity_id": 0,
        "is_reference_entity": false,
        "save_history": true,
        "use_backdating": false,
        "use_precurse_rows": false,
        "id": 18,
        "name": "salesRepEmployeeNumber",
        "version": 637514120975530000,
        "metadata": {
          "creation_time": 637514120975530000,
          "modification_time": 637514120975530000,
          "tags": [],
          "caller_role": "NONE"
        }
      },
      "tags": [],
      "software_version": 2
    },
    {
      "id": 19,
      "path": "/",
      "name": "creditLimit",
      "type": "DomainAttribute",
      "creation_time": 0,
      "modification_time": 0,
      "inner_item": {
        "$type": "DomainAttributeDto",
        "type": "Decimal",
        "length": 10,
        "scale": 2,
        "time_model_entity_id": 0,
        "is_reference_entity": false,
        "save_history": true,
        "use_backdating": false,
        "use_precurse_rows": false,
        "id": 19,
        "name": "creditLimit",
        "version": 637514120975530000,
        "metadata": {
          "creation_time": 637514120975530000,
          "modification_time": 637514120975530000,
          "tags": [],
          "caller_role": "NONE"
        }
      },
      "tags": [],
      "software_version": 2
    },
    {
      "id": 21,
      "path": "/",
      "name": "location_id",
      "type": "DomainAttribute",
      "creation_time": 0,
      "modification_time": 0,
      "inner_item": {
        "$type": "DomainAttributeDto",
        "type": "Integer",
        "length": 0,
        "scale": 0,
        "time_model_entity_id": 0,
        "is_reference_entity": false,
        "save_history": true,
        "use_backdating": false,
        "use_precurse_rows": false,
        "id": 21,
        "name": "location_id",
        "version": 637514121019700000,
        "metadata": {
          "creation_time": 637514121019700000,
          "modification_time": 637514121019700000,
          "tags": [],
          "caller_role": "NONE"
        }
      },
      "tags": [],
      "software_version": 2
    },
    {
      "id": 22,
      "path": "/",
      "name": "region",
      "type": "DomainAttribute",
      "creation_time": 0,
      "modification_time": 0,
      "inner_item": {
        "$type": "DomainAttributeDto",
        "type": "String",
        "length": 0,
        "scale": 0,
        "time_model_entity_id": 0,
        "is_reference_entity": false,
        "save_history": true,
        "use_backdating": false,
        "use_precurse_rows": false,
        "id": 22,
        "name": "region",
        "version": 637514121019710000,
        "metadata": {
          "creation_time": 637514121019710000,
          "modification_time": 637514121019710000,
          "tags": [],
          "caller_role": "NONE"
        }
      },
      "tags": [],
      "software_version": 2
    },
    {
      "id": 24,
      "path": "/",
      "name": "officeCode",
      "type": "DomainAttribute",
      "creation_time": 0,
      "modification_time": 0,
      "inner_item": {
        "$type": "DomainAttributeDto",
        "type": "String",
        "length": 0,
        "scale": 0,
        "time_model_entity_id": 0,
        "is_reference_entity": false,
        "save_history": true,
        "use_backdating": false,
        "use_precurse_rows": false,
        "id": 24,
        "name": "officeCode",
        "version": 637514121058580000,
        "metadata": {
          "creation_time": 637514121058580000,
          "modification_time": 637514121058580000,
          "tags": [],
          "caller_role": "NONE"
        }
      },
      "tags": [],
      "software_version": 2
    },
    {
      "id": 25,
      "path": "/",
      "name": "territory",
      "type": "DomainAttribute",
      "creation_time": 0,
      "modification_time": 0,
      "inner_item": {
        "$type": "DomainAttributeDto",
        "type": "String",
        "length": 0,
        "scale": 0,
        "time_model_entity_id": 0,
        "is_reference_entity": false,
        "save_history": true,
        "use_backdating": false,
        "use_precurse_rows": false,
        "id": 25,
        "name": "territory",
        "version": 637514121058590000,
        "metadata": {
          "creation_time": 637514121058590000,
          "modification_time": 637514121058590000,
          "tags": [],
          "caller_role": "NONE"
        }
      },
      "tags": [],
      "software_version": 2
    },
    {
      "id": 27,
      "path": "/",
      "name": "productCode",
      "type": "DomainAttribute",
      "creation_time": 0,
      "modification_time": 0,
      "inner_item": {
        "$type": "DomainAttributeDto",
        "type": "String",
        "length": 0,
        "scale": 0,
        "time_model_entity_id": 0,
        "is_reference_entity": false,
        "save_history": true,
        "use_backdating": false,
        "use_precurse_rows": false,
        "id": 27,
        "name": "productCode",
        "version": 637514121093410000,
        "metadata": {
          "creation_time": 637514121093410000,
          "modification_time": 637514121093410000,
          "tags": [],
          "caller_role": "NONE"
        }
      },
      "tags": [],
      "software_version": 2
    },
    {
      "id": 28,
      "path": "/",
      "name": "productName",
      "type": "DomainAttribute",
      "creation_time": 0,
      "modification_time": 0,
      "inner_item": {
        "$type": "DomainAttributeDto",
        "type": "String",
        "length": 0,
        "scale": 0,
        "time_model_entity_id": 0,
        "is_reference_entity": false,
        "save_history": true,
        "use_backdating": false,
        "use_precurse_rows": false,
        "id": 28,
        "name": "productName",
        "version": 637514121093410000,
        "metadata": {
          "creation_time": 637514121093410000,
          "modification_time": 637514121093410000,
          "tags": [],
          "caller_role": "NONE"
        }
      },
      "tags": [],
      "software_version": 2
    },
    {
      "id": 29,
      "path": "/",
      "name": "productLine",
      "type": "DomainAttribute",
      "creation_time": 0,
      "modification_time": 0,
      "inner_item": {
        "$type": "DomainAttributeDto",
        "type": "String",
        "length": 0,
        "scale": 0,
        "time_model_entity_id": 0,
        "is_reference_entity": false,
        "save_history": true,
        "use_backdating": false,
        "use_precurse_rows": false,
        "id": 29,
        "name": "productLine",
        "version": 637514121093420000,
        "metadata": {
          "creation_time": 637514121093420000,
          "modification_time": 637514121093420000,
          "tags": [],
          "caller_role": "NONE"
        }
      },
      "tags": [],
      "software_version": 2
    },
    {
      "id": 30,
      "path": "/",
      "name": "productscale",
      "type": "DomainAttribute",
      "creation_time": 0,
      "modification_time": 0,
      "inner_item": {
        "$type": "DomainAttributeDto",
        "type": "String",
        "length": 0,
        "scale": 0,
        "time_model_entity_id": 0,
        "is_reference_entity": false,
        "save_history": true,
        "use_backdating": false,
        "use_precurse_rows": false,
        "id": 30,
        "name": "productscale",
        "version": 637514121093420000,
        "metadata": {
          "creation_time": 637514121093420000,
          "modification_time": 637514121093420000,
          "tags": [],
          "caller_role": "NONE"
        }
      },
      "tags": [],
      "software_version": 2
    },
    {
      "id": 31,
      "path": "/",
      "name": "productVendor",
      "type": "DomainAttribute",
      "creation_time": 0,
      "modification_time": 0,
      "inner_item": {
        "$type": "DomainAttributeDto",
        "type": "String",
        "length": 0,
        "scale": 0,
        "time_model_entity_id": 0,
        "is_reference_entity": false,
        "save_history": true,
        "use_backdating": false,
        "use_precurse_rows": false,
        "id": 31,
        "name": "productVendor",
        "version": 637514121093420000,
        "metadata": {
          "creation_time": 637514121093420000,
          "modification_time": 637514121093420000,
          "tags": [],
          "caller_role": "NONE"
        }
      },
      "tags": [],
      "software_version": 2
    },
    {
      "id": 32,
      "path": "/",
      "name": "productDescription",
      "type": "DomainAttribute",
      "creation_time": 0,
      "modification_time": 0,
      "inner_item": {
        "$type": "DomainAttributeDto",
        "type": "String",
        "length": 0,
        "scale": 0,
        "time_model_entity_id": 0,
        "is_reference_entity": false,
        "save_history": true,
        "use_backdating": false,
        "use_precurse_rows": false,
        "id": 32,
        "name": "productDescription",
        "version": 637514121093430000,
        "metadata": {
          "creation_time": 637514121093430000,
          "modification_time": 637514121093430000,
          "tags": [],
          "caller_role": "NONE"
        }
      },
      "tags": [],
      "software_version": 2
    },
    {
      "id": 33,
      "path": "/",
      "name": "quantityInStock",
      "type": "DomainAttribute",
      "creation_time": 0,
      "modification_time": 0,
      "inner_item": {
        "$type": "DomainAttributeDto",
        "type": "Integer",
        "length": 0,
        "scale": 0,
        "time_model_entity_id": 0,
        "is_reference_entity": false,
        "save_history": true,
        "use_backdating": false,
        "use_precurse_rows": false,
        "id": 33,
        "name": "quantityInStock",
        "version": 637514121093430000,
        "metadata": {
          "creation_time": 637514121093430000,
          "modification_time": 637514121093430000,
          "tags": [],
          "caller_role": "NONE"
        }
      },
      "tags": [],
      "software_version": 2
    },
    {
      "id": 34,
      "path": "/",
      "name": "buyPrice",
      "type": "DomainAttribute",
      "creation_time": 0,
      "modification_time": 0,
      "inner_item": {
        "$type": "DomainAttributeDto",
        "type": "Decimal",
        "length": 10,
        "scale": 2,
        "time_model_entity_id": 0,
        "is_reference_entity": false,
        "save_history": true,
        "use_backdating": false,
        "use_precurse_rows": false,
        "id": 34,
        "name": "buyPrice",
        "version": 637514121093430000,
        "metadata": {
          "creation_time": 637514121093430000,
          "modification_time": 637514121093430000,
          "tags": [],
          "caller_role": "NONE"
        }
      },
      "tags": [],
      "software_version": 2
    },
    {
      "id": 35,
      "path": "/",
      "name": "MSRP",
      "type": "DomainAttribute",
      "creation_time": 0,
      "modification_time": 0,
      "inner_item": {
        "$type": "DomainAttributeDto",
        "type": "Decimal",
        "length": 10,
        "scale": 2,
        "time_model_entity_id": 0,
        "is_reference_entity": false,
        "save_history": true,
        "use_backdating": false,
        "use_precurse_rows": false,
        "id": 35,
        "name": "MSRP",
        "version": 637514121093440000,
        "metadata": {
          "creation_time": 637514121093440000,
          "modification_time": 637514121093440000,
          "tags": [],
          "caller_role": "NONE"
        }
      },
      "tags": [],
      "software_version": 2
    },
    {
      "id": 77,
      "path": "/",
      "name": "orderNumber",
      "type": "DomainAttribute",
      "creation_time": 0,
      "modification_time": 0,
      "inner_item": {
        "$type": "DomainAttributeDto",
        "type": "Integer",
        "length": 0,
        "scale": 0,
        "time_model_entity_id": 0,
        "is_reference_entity": false,
        "save_history": true,
        "use_backdating": false,
        "use_precurse_rows": false,
        "id": 77,
        "name": "orderNumber",
        "version": 637514851292420000,
        "metadata": {
          "creation_time": 637514851292420000,
          "modification_time": 637514851292420000,
          "tags": [],
          "caller_role": "NONE"
        }
      },
      "tags": [],
      "software_version": 2
    },
    {
      "id": 78,
      "path": "/",
      "name": "quantityOrdered",
      "type": "DomainAttribute",
      "creation_time": 0,
      "modification_time": 0,
      "inner_item": {
        "$type": "DomainAttributeDto",
        "type": "Integer",
        "length": 0,
        "scale": 0,
        "time_model_entity_id": 0,
        "is_reference_entity": false,
        "save_history": true,
        "use_backdating": false,
        "use_precurse_rows": false,
        "id": 78,
        "name": "quantityOrdered",
        "version": 637514851292430000,
        "metadata": {
          "creation_time": 637514851292430000,
          "modification_time": 637514851292430000,
          "tags": [],
          "caller_role": "NONE"
        }
      },
      "tags": [],
      "software_version": 2
    },
    {
      "id": 79,
      "path": "/",
      "name": "priceEach",
      "type": "DomainAttribute",
      "creation_time": 0,
      "modification_time": 0,
      "inner_item": {
        "$type": "DomainAttributeDto",
        "type": "Decimal",
        "length": 10,
        "scale": 2,
        "time_model_entity_id": 0,
        "is_reference_entity": false,
        "save_history": true,
        "use_backdating": false,
        "use_precurse_rows": false,
        "id": 79,
        "name": "priceEach",
        "version": 637514851292440000,
        "metadata": {
          "creation_time": 637514851292440000,
          "modification_time": 637514851292440000,
          "tags": [],
          "caller_role": "NONE"
        }
      },
      "tags": [],
      "software_version": 2
    },
    {
      "id": 80,
      "path": "/",
      "name": "orderLineNumber",
      "type": "DomainAttribute",
      "creation_time": 0,
      "modification_time": 0,
      "inner_item": {
        "$type": "DomainAttributeDto",
        "type": "Integer",
        "length": 0,
        "scale": 0,
        "time_model_entity_id": 0,
        "is_reference_entity": false,
        "save_history": true,
        "use_backdating": false,
        "use_precurse_rows": false,
        "id": 80,
        "name": "orderLineNumber",
        "version": 637514851292450000,
        "metadata": {
          "creation_time": 637514851292450000,
          "modification_time": 637514851292450000,
          "tags": [],
          "caller_role": "NONE"
        }
      },
      "tags": [],
      "software_version": 2
    },
    {
      "id": 87,
      "path": "/",
      "name": "Default Workflow",
      "type": "FlowDto",
      "creation_time": 0,
      "modification_time": 0,
      "inner_item": {
        "$type": "FlowDto",
        "flow_type": "SIMPLE",
        "lane_sets": [],
        "flow_nodes": {
          "start": {
            "$type": "StartNode",
            "incoming": [],
            "outgoing": [
              {
                "directive": {
                  "target_node_id": "sales_landing",
                  "target_port_id": "inport"
                },
                "id": "outport"
              }
            ],
            "display_name": "START",
            "id": "start"
          },
          "end": {
            "$type": "EndNode",
            "error_policy": {
              "termination_mode": "STOP_AFTER_RUNNING_ACTIVITIES"
            },
            "incoming": [
              {
                "id": "inport_1"
              }
            ],
            "outgoing": [],
            "display_name": "END",
            "id": "end"
          },
          "sales_landing": {
            "$type": "ExecutionActivity",
            "executor_input": {
              "$type": "EtlCommandExecutionData",
              "project_name": "dbricks_demo_sc",
              "etl_id": 70,
              "id": 0,
              "name": "Sales_Landing",
              "version": 0
            },
            "timeout_sec": 300,
            "incoming": [
              {
                "id": "inport"
              }
            ],
            "outgoing": [
              {
                "directive": {
                  "target_node_id": "end",
                  "target_port_id": "inport_1"
                },
                "id": "outport"
              }
            ],
            "display_name": "Sales_Landing",
            "id": "sales_landing"
          }
        },
        "resumable": true,
        "max_instances": 1,
        "is_template": true,
        "name": "Default Workflow",
        "version": 637520957299700000,
        "metadata": {
          "creation_time": 637520957299700000,
          "modification_time": 637520957299700000,
          "tags": [],
          "caller_role": "NONE"
        }
      },
      "tags": [],
      "software_version": 1
    },
    {
      "id": 88,
      "path": "/",
      "name": "Default CDC Workflow",
      "type": "FlowDto",
      "creation_time": 0,
      "modification_time": 0,
      "inner_item": {
        "$type": "FlowDto",
        "flow_type": "SIMPLE",
        "lane_sets": [],
        "flow_nodes": {
          "start": {
            "$type": "StartNode",
            "incoming": [],
            "outgoing": [
              {
                "directive": {
                  "target_node_id": "sales_landing_cdc",
                  "target_port_id": "inport"
                },
                "id": "outport"
              }
            ],
            "display_name": "START",
            "id": "start"
          },
          "end": {
            "$type": "EndNode",
            "error_policy": {
              "termination_mode": "STOP_AFTER_RUNNING_ACTIVITIES"
            },
            "incoming": [
              {
                "id": "inport_1"
              }
            ],
            "outgoing": [],
            "display_name": "END",
            "id": "end"
          },
          "sales_landing_cdc": {
            "$type": "ExecutionActivity",
            "executor_input": {
              "$type": "EtlCommandExecutionData",
              "project_name": "dbricks_demo_sc",
              "etl_id": 71,
              "id": 0,
              "name": "Sales_Landing_CDC",
              "version": 0
            },
            "timeout_sec": 300,
            "incoming": [
              {
                "id": "inport"
              }
            ],
            "outgoing": [
              {
                "directive": {
                  "target_node_id": "end",
                  "target_port_id": "inport_1"
                },
                "id": "outport"
              }
            ],
            "display_name": "Sales_Landing_CDC",
            "id": "sales_landing_cdc"
          }
        },
        "resumable": true,
        "max_instances": 1,
        "is_template": true,
        "name": "Default CDC Workflow",
        "version": 637520957299860000,
        "metadata": {
          "creation_time": 637520957299860000,
          "modification_time": 637520957299860000,
          "tags": [],
          "caller_role": "NONE"
        }
      },
      "tags": [],
      "software_version": 1
    },
    {
      "id": 2,
      "path": "/",
      "name": "dbricks_demo_sc",
      "type": "ExecutionServiceDto",
      "creation_time": 0,
      "modification_time": 0,
      "inner_item": {
        "$type": "ExecutionServiceDto",
        "max_runtime_instances_to_keep": 100,
        "name": "dbricks_demo_sc",
        "version": 637520283457910000,
        "metadata": {
          "creation_time": 637514116200920000,
          "modification_time": 637520283457910000,
          "tags": [],
          "caller_role": "NONE"
        }
      },
      "tags": [],
      "software_version": 1
    },
    {
      "id": 36,
      "path": "/",
      "name": "3789d063-983e-409a-b819-3a24a835524f",
      "type": "TableColumn",
      "creation_time": 0,
      "modification_time": 0,
      "inner_item": {
        "$type": "TableColumnDto",
        "poe": 6,
        "pbe": 7,
        "prefix": "",
        "is_primary": true,
        "history_type": "N",
        "block": 0,
        "ordinal": 100,
        "time_model_role_id": 0,
        "id": 36,
        "name": "3789d063-983e-409a-b819-3a24a835524f",
        "version": 637514121093570000,
        "metadata": {
          "creation_time": 637514121093570000,
          "modification_time": 637514121093570000,
          "tags": [],
          "caller_role": "NONE"
        }
      },
      "tags": [],
      "software_version": 1
    },
    {
      "id": 37,
      "path": "/",
      "name": "a5cac8f7-71d2-471d-b6c6-d483bd0ab548",
      "type": "TableColumn",
      "creation_time": 0,
      "modification_time": 0,
      "inner_item": {
        "$type": "TableColumnDto",
        "poe": 20,
        "pbe": 21,
        "prefix": "",
        "is_primary": true,
        "history_type": "N",
        "block": 0,
        "ordinal": 100,
        "time_model_role_id": 0,
        "id": 37,
        "name": "a5cac8f7-71d2-471d-b6c6-d483bd0ab548",
        "version": 637514121093610000,
        "metadata": {
          "creation_time": 637514121093610000,
          "modification_time": 637514121093610000,
          "tags": [],
          "caller_role": "NONE"
        }
      },
      "tags": [],
      "software_version": 1
    },
    {
      "id": 38,
      "path": "/",
      "name": "680d8f48-9144-4f75-9e79-160c7e0eb202",
      "type": "TableColumn",
      "creation_time": 0,
      "modification_time": 0,
      "inner_item": {
        "$type": "TableColumnDto",
        "poe": 23,
        "pbe": 24,
        "prefix": "",
        "is_primary": true,
        "history_type": "N",
        "block": 0,
        "ordinal": 100,
        "time_model_role_id": 0,
        "id": 38,
        "name": "680d8f48-9144-4f75-9e79-160c7e0eb202",
        "version": 637514121093620000,
        "metadata": {
          "creation_time": 637514121093620000,
          "modification_time": 637514121093620000,
          "tags": [],
          "caller_role": "NONE"
        }
      },
      "tags": [],
      "software_version": 1
    },
    {
      "id": 39,
      "path": "/",
      "name": "77ba966f-56f2-4dd8-8385-7ee2d8e7df6b",
      "type": "TableColumn",
      "creation_time": 0,
      "modification_time": 0,
      "inner_item": {
        "$type": "TableColumnDto",
        "poe": 26,
        "pbe": 27,
        "prefix": "",
        "is_primary": true,
        "history_type": "N",
        "block": 0,
        "ordinal": 100,
        "time_model_role_id": 0,
        "id": 39,
        "name": "77ba966f-56f2-4dd8-8385-7ee2d8e7df6b",
        "version": 637514121093630000,
        "metadata": {
          "creation_time": 637514121093630000,
          "modification_time": 637514121093630000,
          "tags": [],
          "caller_role": "NONE"
        }
      },
      "tags": [],
      "software_version": 1
    },
    {
      "id": 40,
      "path": "/",
      "name": "54946179-51e3-4500-b0e2-2d76e9189dbe",
      "type": "TableColumn",
      "creation_time": 0,
      "modification_time": 0,
      "inner_item": {
        "$type": "TableColumnDto",
        "poe": 6,
        "pbe": 8,
        "prefix": "",
        "is_primary": false,
        "history_type": "N",
        "block": 0,
        "ordinal": 200,
        "time_model_role_id": 0,
        "id": 40,
        "name": "54946179-51e3-4500-b0e2-2d76e9189dbe",
        "version": 637514121093670000,
        "metadata": {
          "creation_time": 637514121093670000,
          "modification_time": 637514121093670000,
          "tags": [],
          "caller_role": "NONE"
        }
      },
      "tags": [],
      "software_version": 1
    },
    {
      "id": 41,
      "path": "/",
      "name": "fc8dcc4d-7e07-4c12-864b-5e767f922916",
      "type": "TableColumn",
      "creation_time": 0,
      "modification_time": 0,
      "inner_item": {
        "$type": "TableColumnDto",
        "poe": 6,
        "pbe": 9,
        "prefix": "",
        "is_primary": false,
        "history_type": "N",
        "block": 0,
        "ordinal": 300,
        "time_model_role_id": 0,
        "id": 41,
        "name": "fc8dcc4d-7e07-4c12-864b-5e767f922916",
        "version": 637514121093670000,
        "metadata": {
          "creation_time": 637514121093670000,
          "modification_time": 637514121093670000,
          "tags": [],
          "caller_role": "NONE"
        }
      },
      "tags": [],
      "software_version": 1
    },
    {
      "id": 42,
      "path": "/",
      "name": "e442048f-60c1-4424-94a2-cfd7665a295e",
      "type": "TableColumn",
      "creation_time": 0,
      "modification_time": 0,
      "inner_item": {
        "$type": "TableColumnDto",
        "poe": 6,
        "pbe": 10,
        "prefix": "",
        "is_primary": false,
        "history_type": "N",
        "block": 0,
        "ordinal": 400,
        "time_model_role_id": 0,
        "id": 42,
        "name": "e442048f-60c1-4424-94a2-cfd7665a295e",
        "version": 637514121093670000,
        "metadata": {
          "creation_time": 637514121093670000,
          "modification_time": 637514121093670000,
          "tags": [],
          "caller_role": "NONE"
        }
      },
      "tags": [],
      "software_version": 1
    },
    {
      "id": 43,
      "path": "/",
      "name": "016af506-d6a2-420a-a01f-4c48f760373e",
      "type": "TableColumn",
      "creation_time": 0,
      "modification_time": 0,
      "inner_item": {
        "$type": "TableColumnDto",
        "poe": 6,
        "pbe": 11,
        "prefix": "",
        "is_primary": false,
        "history_type": "N",
        "block": 0,
        "ordinal": 500,
        "time_model_role_id": 0,
        "id": 43,
        "name": "016af506-d6a2-420a-a01f-4c48f760373e",
        "version": 637514121093670000,
        "metadata": {
          "creation_time": 637514121093670000,
          "modification_time": 637514121093670000,
          "tags": [],
          "caller_role": "NONE"
        }
      },
      "tags": [],
      "software_version": 1
    },
    {
      "id": 44,
      "path": "/",
      "name": "844306a8-8eaf-4faa-b8fe-5a8eb1adc508",
      "type": "TableColumn",
      "creation_time": 0,
      "modification_time": 0,
      "inner_item": {
        "$type": "TableColumnDto",
        "poe": 6,
        "pbe": 12,
        "prefix": "",
        "is_primary": false,
        "history_type": "N",
        "block": 0,
        "ordinal": 600,
        "time_model_role_id": 0,
        "id": 44,
        "name": "844306a8-8eaf-4faa-b8fe-5a8eb1adc508",
        "version": 637514121093670000,
        "metadata": {
          "creation_time": 637514121093670000,
          "modification_time": 637514121093670000,
          "tags": [],
          "caller_role": "NONE"
        }
      },
      "tags": [],
      "software_version": 1
    },
    {
      "id": 45,
      "path": "/",
      "name": "7e56c886-fc5a-43b1-92b1-4265f4abb9a0",
      "type": "TableColumn",
      "creation_time": 0,
      "modification_time": 0,
      "inner_item": {
        "$type": "TableColumnDto",
        "poe": 6,
        "pbe": 13,
        "prefix": "",
        "is_primary": false,
        "history_type": "N",
        "block": 0,
        "ordinal": 700,
        "time_model_role_id": 0,
        "id": 45,
        "name": "7e56c886-fc5a-43b1-92b1-4265f4abb9a0",
        "version": 637514121093670000,
        "metadata": {
          "creation_time": 637514121093670000,
          "modification_time": 637514121093670000,
          "tags": [],
          "caller_role": "NONE"
        }
      },
      "tags": [],
      "software_version": 1
    },
    {
      "id": 46,
      "path": "/",
      "name": "3f9f28a0-ce80-423d-89d4-babece7aab1f",
      "type": "TableColumn",
      "creation_time": 0,
      "modification_time": 0,
      "inner_item": {
        "$type": "TableColumnDto",
        "poe": 6,
        "pbe": 14,
        "prefix": "",
        "is_primary": false,
        "history_type": "N",
        "block": 0,
        "ordinal": 800,
        "time_model_role_id": 0,
        "id": 46,
        "name": "3f9f28a0-ce80-423d-89d4-babece7aab1f",
        "version": 637514121093670000,
        "metadata": {
          "creation_time": 637514121093670000,
          "modification_time": 637514121093670000,
          "tags": [],
          "caller_role": "NONE"
        }
      },
      "tags": [],
      "software_version": 1
    },
    {
      "id": 47,
      "path": "/",
      "name": "34259024-523f-4714-bbfc-a208be123dcf",
      "type": "TableColumn",
      "creation_time": 0,
      "modification_time": 0,
      "inner_item": {
        "$type": "TableColumnDto",
        "poe": 6,
        "pbe": 15,
        "prefix": "",
        "is_primary": false,
        "history_type": "N",
        "block": 0,
        "ordinal": 900,
        "time_model_role_id": 0,
        "id": 47,
        "name": "34259024-523f-4714-bbfc-a208be123dcf",
        "version": 637514121093670000,
        "metadata": {
          "creation_time": 637514121093670000,
          "modification_time": 637514121093670000,
          "tags": [],
          "caller_role": "NONE"
        }
      },
      "tags": [],
      "software_version": 1
    },
    {
      "id": 48,
      "path": "/",
      "name": "233ce3c0-5fec-4613-ba1f-29c7eaf4e585",
      "type": "TableColumn",
      "creation_time": 0,
      "modification_time": 0,
      "inner_item": {
        "$type": "TableColumnDto",
        "poe": 6,
        "pbe": 16,
        "prefix": "",
        "is_primary": false,
        "history_type": "N",
        "block": 0,
        "ordinal": 1000,
        "time_model_role_id": 0,
        "id": 48,
        "name": "233ce3c0-5fec-4613-ba1f-29c7eaf4e585",
        "version": 637514121093670000,
        "metadata": {
          "creation_time": 637514121093670000,
          "modification_time": 637514121093670000,
          "tags": [],
          "caller_role": "NONE"
        }
      },
      "tags": [],
      "software_version": 1
    },
    {
      "id": 49,
      "path": "/",
      "name": "f975097a-98de-41a5-815d-337bab0067f0",
      "type": "TableColumn",
      "creation_time": 0,
      "modification_time": 0,
      "inner_item": {
        "$type": "TableColumnDto",
        "poe": 6,
        "pbe": 17,
        "prefix": "",
        "is_primary": false,
        "history_type": "N",
        "block": 0,
        "ordinal": 1100,
        "time_model_role_id": 0,
        "id": 49,
        "name": "f975097a-98de-41a5-815d-337bab0067f0",
        "version": 637514121093670000,
        "metadata": {
          "creation_time": 637514121093670000,
          "modification_time": 637514121093670000,
          "tags": [],
          "caller_role": "NONE"
        }
      },
      "tags": [],
      "software_version": 1
    },
    {
      "id": 50,
      "path": "/",
      "name": "851ec279-3e4a-4bd3-af1c-7094524df01e",
      "type": "TableColumn",
      "creation_time": 0,
      "modification_time": 0,
      "inner_item": {
        "$type": "TableColumnDto",
        "poe": 6,
        "pbe": 18,
        "prefix": "",
        "is_primary": false,
        "history_type": "N",
        "block": 0,
        "ordinal": 1200,
        "time_model_role_id": 0,
        "id": 50,
        "name": "851ec279-3e4a-4bd3-af1c-7094524df01e",
        "version": 637514121093670000,
        "metadata": {
          "creation_time": 637514121093670000,
          "modification_time": 637514121093670000,
          "tags": [],
          "caller_role": "NONE"
        }
      },
      "tags": [],
      "software_version": 1
    },
    {
      "id": 51,
      "path": "/",
      "name": "ccdfc6f8-6f12-46f6-a41c-e4d083712473",
      "type": "TableColumn",
      "creation_time": 0,
      "modification_time": 0,
      "inner_item": {
        "$type": "TableColumnDto",
        "poe": 6,
        "pbe": 19,
        "prefix": "",
        "is_primary": false,
        "history_type": "N",
        "block": 0,
        "ordinal": 1300,
        "time_model_role_id": 0,
        "id": 51,
        "name": "ccdfc6f8-6f12-46f6-a41c-e4d083712473",
        "version": 637514121093670000,
        "metadata": {
          "creation_time": 637514121093670000,
          "modification_time": 637514121093670000,
          "tags": [],
          "caller_role": "NONE"
        }
      },
      "tags": [],
      "software_version": 1
    },
    {
      "id": 52,
      "path": "/",
      "name": "3e52e718-c141-4898-bf8f-5285518e14d8",
      "type": "TableColumn",
      "creation_time": 0,
      "modification_time": 0,
      "inner_item": {
        "$type": "TableColumnDto",
        "poe": 20,
        "pbe": 22,
        "prefix": "",
        "is_primary": false,
        "history_type": "N",
        "block": 0,
        "ordinal": 200,
        "time_model_role_id": 0,
        "id": 52,
        "name": "3e52e718-c141-4898-bf8f-5285518e14d8",
        "version": 637514121093670000,
        "metadata": {
          "creation_time": 637514121093670000,
          "modification_time": 637514121093670000,
          "tags": [],
          "caller_role": "NONE"
        }
      },
      "tags": [],
      "software_version": 1
    },
    {
      "id": 53,
      "path": "/",
      "name": "1ecca2ef-2fcf-49b9-b3a8-d1355311cb95",
      "type": "TableColumn",
      "creation_time": 0,
      "modification_time": 0,
      "inner_item": {
        "$type": "TableColumnDto",
        "poe": 20,
        "pbe": 17,
        "prefix": "",
        "is_primary": false,
        "history_type": "N",
        "block": 0,
        "ordinal": 300,
        "time_model_role_id": 0,
        "id": 53,
        "name": "1ecca2ef-2fcf-49b9-b3a8-d1355311cb95",
        "version": 637514121093670000,
        "metadata": {
          "creation_time": 637514121093670000,
          "modification_time": 637514121093670000,
          "tags": [],
          "caller_role": "NONE"
        }
      },
      "tags": [],
      "software_version": 1
    },
    {
      "id": 54,
      "path": "/",
      "name": "b6a42d59-e909-4fe2-9114-79d4dfbb9cd2",
      "type": "TableColumn",
      "creation_time": 0,
      "modification_time": 0,
      "inner_item": {
        "$type": "TableColumnDto",
        "poe": 23,
        "pbe": 14,
        "prefix": "",
        "is_primary": false,
        "history_type": "N",
        "block": 0,
        "ordinal": 200,
        "time_model_role_id": 0,
        "id": 54,
        "name": "b6a42d59-e909-4fe2-9114-79d4dfbb9cd2",
        "version": 637514121093670000,
        "metadata": {
          "creation_time": 637514121093670000,
          "modification_time": 637514121093670000,
          "tags": [],
          "caller_role": "NONE"
        }
      },
      "tags": [],
      "software_version": 1
    },
    {
      "id": 55,
      "path": "/",
      "name": "b042ab8f-b710-490f-934e-d186aeefc4fe",
      "type": "TableColumn",
      "creation_time": 0,
      "modification_time": 0,
      "inner_item": {
        "$type": "TableColumnDto",
        "poe": 23,
        "pbe": 11,
        "prefix": "",
        "is_primary": false,
        "history_type": "N",
        "block": 0,
        "ordinal": 300,
        "time_model_role_id": 0,
        "id": 55,
        "name": "b042ab8f-b710-490f-934e-d186aeefc4fe",
        "version": 637514121093670000,
        "metadata": {
          "creation_time": 637514121093670000,
          "modification_time": 637514121093670000,
          "tags": [],
          "caller_role": "NONE"
        }
      },
      "tags": [],
      "software_version": 1
    },
    {
      "id": 56,
      "path": "/",
      "name": "45fe0c2e-f8da-4379-9f3e-641fb1bb09b7",
      "type": "TableColumn",
      "creation_time": 0,
      "modification_time": 0,
      "inner_item": {
        "$type": "TableColumnDto",
        "poe": 23,
        "pbe": 12,
        "prefix": "",
        "is_primary": false,
        "history_type": "N",
        "block": 0,
        "ordinal": 400,
        "time_model_role_id": 0,
        "id": 56,
        "name": "45fe0c2e-f8da-4379-9f3e-641fb1bb09b7",
        "version": 637514121093670000,
        "metadata": {
          "creation_time": 637514121093670000,
          "modification_time": 637514121093670000,
          "tags": [],
          "caller_role": "NONE"
        }
      },
      "tags": [],
      "software_version": 1
    },
    {
      "id": 57,
      "path": "/",
      "name": "610250e9-6b81-4053-85ea-59007a7ac393",
      "type": "TableColumn",
      "creation_time": 0,
      "modification_time": 0,
      "inner_item": {
        "$type": "TableColumnDto",
        "poe": 23,
        "pbe": 13,
        "prefix": "",
        "is_primary": false,
        "history_type": "N",
        "block": 0,
        "ordinal": 500,
        "time_model_role_id": 0,
        "id": 57,
        "name": "610250e9-6b81-4053-85ea-59007a7ac393",
        "version": 637514121093670000,
        "metadata": {
          "creation_time": 637514121093670000,
          "modification_time": 637514121093670000,
          "tags": [],
          "caller_role": "NONE"
        }
      },
      "tags": [],
      "software_version": 1
    },
    {
      "id": 58,
      "path": "/",
      "name": "d5d19660-4ca8-4bf6-9dbc-9212269ec277",
      "type": "TableColumn",
      "creation_time": 0,
      "modification_time": 0,
      "inner_item": {
        "$type": "TableColumnDto",
        "poe": 23,
        "pbe": 15,
        "prefix": "",
        "is_primary": false,
        "history_type": "N",
        "block": 0,
        "ordinal": 600,
        "time_model_role_id": 0,
        "id": 58,
        "name": "d5d19660-4ca8-4bf6-9dbc-9212269ec277",
        "version": 637514121093670000,
        "metadata": {
          "creation_time": 637514121093670000,
          "modification_time": 637514121093670000,
          "tags": [],
          "caller_role": "NONE"
        }
      },
      "tags": [],
      "software_version": 1
    },
    {
      "id": 59,
      "path": "/",
      "name": "fe9cd395-da41-44ec-9311-510851397189",
      "type": "TableColumn",
      "creation_time": 0,
      "modification_time": 0,
      "inner_item": {
        "$type": "TableColumnDto",
        "poe": 23,
        "pbe": 17,
        "prefix": "",
        "is_primary": false,
        "history_type": "N",
        "block": 0,
        "ordinal": 700,
        "time_model_role_id": 0,
        "id": 59,
        "name": "fe9cd395-da41-44ec-9311-510851397189",
        "version": 637514121093670000,
        "metadata": {
          "creation_time": 637514121093670000,
          "modification_time": 637514121093670000,
          "tags": [],
          "caller_role": "NONE"
        }
      },
      "tags": [],
      "software_version": 1
    },
    {
      "id": 60,
      "path": "/",
      "name": "48edcd64-ae5b-4832-859d-aa3460278f8c",
      "type": "TableColumn",
      "creation_time": 0,
      "modification_time": 0,
      "inner_item": {
        "$type": "TableColumnDto",
        "poe": 23,
        "pbe": 16,
        "prefix": "",
        "is_primary": false,
        "history_type": "N",
        "block": 0,
        "ordinal": 800,
        "time_model_role_id": 0,
        "id": 60,
        "name": "48edcd64-ae5b-4832-859d-aa3460278f8c",
        "version": 637514121093670000,
        "metadata": {
          "creation_time": 637514121093670000,
          "modification_time": 637514121093670000,
          "tags": [],
          "caller_role": "NONE"
        }
      },
      "tags": [],
      "software_version": 1
    },
    {
      "id": 61,
      "path": "/",
      "name": "f6c5883b-b83e-4b0b-b4e2-34b41555ad86",
      "type": "TableColumn",
      "creation_time": 0,
      "modification_time": 0,
      "inner_item": {
        "$type": "TableColumnDto",
        "poe": 23,
        "pbe": 25,
        "prefix": "",
        "is_primary": false,
        "history_type": "N",
        "block": 0,
        "ordinal": 900,
        "time_model_role_id": 0,
        "id": 61,
        "name": "f6c5883b-b83e-4b0b-b4e2-34b41555ad86",
        "version": 637514121093670000,
        "metadata": {
          "creation_time": 637514121093670000,
          "modification_time": 637514121093670000,
          "tags": [],
          "caller_role": "NONE"
        }
      },
      "tags": [],
      "software_version": 1
    },
    {
      "id": 62,
      "path": "/",
      "name": "389144ed-1035-450a-a0d2-25032771d1f3",
      "type": "TableColumn",
      "creation_time": 0,
      "modification_time": 0,
      "inner_item": {
        "$type": "TableColumnDto",
        "poe": 26,
        "pbe": 28,
        "prefix": "",
        "is_primary": false,
        "history_type": "N",
        "block": 0,
        "ordinal": 200,
        "time_model_role_id": 0,
        "id": 62,
        "name": "389144ed-1035-450a-a0d2-25032771d1f3",
        "version": 637514121093670000,
        "metadata": {
          "creation_time": 637514121093670000,
          "modification_time": 637514121093670000,
          "tags": [],
          "caller_role": "NONE"
        }
      },
      "tags": [],
      "software_version": 1
    },
    {
      "id": 63,
      "path": "/",
      "name": "570c5fea-2f99-4174-b007-268ea3c8ef91",
      "type": "TableColumn",
      "creation_time": 0,
      "modification_time": 0,
      "inner_item": {
        "$type": "TableColumnDto",
        "poe": 26,
        "pbe": 29,
        "prefix": "",
        "is_primary": false,
        "history_type": "N",
        "block": 0,
        "ordinal": 300,
        "time_model_role_id": 0,
        "id": 63,
        "name": "570c5fea-2f99-4174-b007-268ea3c8ef91",
        "version": 637514121093670000,
        "metadata": {
          "creation_time": 637514121093670000,
          "modification_time": 637514121093670000,
          "tags": [],
          "caller_role": "NONE"
        }
      },
      "tags": [],
      "software_version": 1
    },
    {
      "id": 64,
      "path": "/",
      "name": "7f47e2ac-7aaa-4365-adbd-4e38214f6115",
      "type": "TableColumn",
      "creation_time": 0,
      "modification_time": 0,
      "inner_item": {
        "$type": "TableColumnDto",
        "poe": 26,
        "pbe": 30,
        "prefix": "",
        "is_primary": false,
        "history_type": "N",
        "block": 0,
        "ordinal": 400,
        "time_model_role_id": 0,
        "id": 64,
        "name": "7f47e2ac-7aaa-4365-adbd-4e38214f6115",
        "version": 637514121093670000,
        "metadata": {
          "creation_time": 637514121093670000,
          "modification_time": 637514121093670000,
          "tags": [],
          "caller_role": "NONE"
        }
      },
      "tags": [],
      "software_version": 1
    },
    {
      "id": 65,
      "path": "/",
      "name": "6945c148-a86f-4a7c-8559-07cd55220eb5",
      "type": "TableColumn",
      "creation_time": 0,
      "modification_time": 0,
      "inner_item": {
        "$type": "TableColumnDto",
        "poe": 26,
        "pbe": 31,
        "prefix": "",
        "is_primary": false,
        "history_type": "N",
        "block": 0,
        "ordinal": 500,
        "time_model_role_id": 0,
        "id": 65,
        "name": "6945c148-a86f-4a7c-8559-07cd55220eb5",
        "version": 637514121093670000,
        "metadata": {
          "creation_time": 637514121093670000,
          "modification_time": 637514121093670000,
          "tags": [],
          "caller_role": "NONE"
        }
      },
      "tags": [],
      "software_version": 1
    },
    {
      "id": 66,
      "path": "/",
      "name": "caca0068-ceb0-4d79-9a55-96f109d07535",
      "type": "TableColumn",
      "creation_time": 0,
      "modification_time": 0,
      "inner_item": {
        "$type": "TableColumnDto",
        "poe": 26,
        "pbe": 32,
        "prefix": "",
        "is_primary": false,
        "history_type": "N",
        "block": 0,
        "ordinal": 600,
        "time_model_role_id": 0,
        "id": 66,
        "name": "caca0068-ceb0-4d79-9a55-96f109d07535",
        "version": 637514121093670000,
        "metadata": {
          "creation_time": 637514121093670000,
          "modification_time": 637514121093670000,
          "tags": [],
          "caller_role": "NONE"
        }
      },
      "tags": [],
      "software_version": 1
    },
    {
      "id": 67,
      "path": "/",
      "name": "bd3705f4-9921-46d3-a78b-c2e55090e8c5",
      "type": "TableColumn",
      "creation_time": 0,
      "modification_time": 0,
      "inner_item": {
        "$type": "TableColumnDto",
        "poe": 26,
        "pbe": 33,
        "prefix": "",
        "is_primary": false,
        "history_type": "N",
        "block": 0,
        "ordinal": 700,
        "time_model_role_id": 0,
        "id": 67,
        "name": "bd3705f4-9921-46d3-a78b-c2e55090e8c5",
        "version": 637514121093670000,
        "metadata": {
          "creation_time": 637514121093670000,
          "modification_time": 637514121093670000,
          "tags": [],
          "caller_role": "NONE"
        }
      },
      "tags": [],
      "software_version": 1
    },
    {
      "id": 68,
      "path": "/",
      "name": "f31b29d1-263a-4ae2-b6fd-d4a842bde2a2",
      "type": "TableColumn",
      "creation_time": 0,
      "modification_time": 0,
      "inner_item": {
        "$type": "TableColumnDto",
        "poe": 26,
        "pbe": 34,
        "prefix": "",
        "is_primary": false,
        "history_type": "N",
        "block": 0,
        "ordinal": 800,
        "time_model_role_id": 0,
        "id": 68,
        "name": "f31b29d1-263a-4ae2-b6fd-d4a842bde2a2",
        "version": 637514121093670000,
        "metadata": {
          "creation_time": 637514121093670000,
          "modification_time": 637514121093670000,
          "tags": [],
          "caller_role": "NONE"
        }
      },
      "tags": [],
      "software_version": 1
    },
    {
      "id": 69,
      "path": "/",
      "name": "76b2a139-58d4-4272-815d-93f2cd74ac17",
      "type": "TableColumn",
      "creation_time": 0,
      "modification_time": 0,
      "inner_item": {
        "$type": "TableColumnDto",
        "poe": 26,
        "pbe": 35,
        "prefix": "",
        "is_primary": false,
        "history_type": "N",
        "block": 0,
        "ordinal": 900,
        "time_model_role_id": 0,
        "id": 69,
        "name": "76b2a139-58d4-4272-815d-93f2cd74ac17",
        "version": 637514121093670000,
        "metadata": {
          "creation_time": 637514121093670000,
          "modification_time": 637514121093670000,
          "tags": [],
          "caller_role": "NONE"
        }
      },
      "tags": [],
      "software_version": 1
    },
    {
      "id": 81,
      "path": "/",
      "name": "c5373b2c-89bc-4149-b0a8-706d532953d8",
      "type": "TableColumn",
      "creation_time": 0,
      "modification_time": 0,
      "inner_item": {
        "$type": "TableColumnDto",
        "poe": 76,
        "pbe": 77,
        "prefix": "",
        "is_primary": true,
        "history_type": "N",
        "block": 0,
        "ordinal": 100,
        "time_model_role_id": 0,
        "id": 81,
        "name": "c5373b2c-89bc-4149-b0a8-706d532953d8",
        "version": 637514851292460000,
        "metadata": {
          "creation_time": 637514851292460000,
          "modification_time": 637514851292460000,
          "tags": [],
          "caller_role": "NONE"
        }
      },
      "tags": [],
      "software_version": 1
    },
    {
      "id": 82,
      "path": "/",
      "name": "44e29801-9401-494a-a74b-ffab5910bcec",
      "type": "TableColumn",
      "creation_time": 0,
      "modification_time": 0,
      "inner_item": {
        "$type": "TableColumnDto",
        "poe": 76,
        "pbe": 27,
        "prefix": "",
        "is_primary": true,
        "history_type": "N",
        "block": 0,
        "ordinal": 200,
        "time_model_role_id": 0,
        "id": 82,
        "name": "44e29801-9401-494a-a74b-ffab5910bcec",
        "version": 637514851292490000,
        "metadata": {
          "creation_time": 637514851292490000,
          "modification_time": 637514851292490000,
          "tags": [],
          "caller_role": "NONE"
        }
      },
      "tags": [],
      "software_version": 1
    },
    {
      "id": 83,
      "path": "/",
      "name": "1b88abdb-8aae-443f-a5cd-78498a16b31b",
      "type": "TableColumn",
      "creation_time": 0,
      "modification_time": 0,
      "inner_item": {
        "$type": "TableColumnDto",
        "poe": 76,
        "pbe": 78,
        "prefix": "",
        "is_primary": false,
        "history_type": "N",
        "block": 0,
        "ordinal": 300,
        "time_model_role_id": 0,
        "id": 83,
        "name": "1b88abdb-8aae-443f-a5cd-78498a16b31b",
        "version": 637514851292500000,
        "metadata": {
          "creation_time": 637514851292500000,
          "modification_time": 637514851292500000,
          "tags": [],
          "caller_role": "NONE"
        }
      },
      "tags": [],
      "software_version": 1
    },
    {
      "id": 84,
      "path": "/",
      "name": "8247dd29-9927-4527-9161-2e2a2f6ae460",
      "type": "TableColumn",
      "creation_time": 0,
      "modification_time": 0,
      "inner_item": {
        "$type": "TableColumnDto",
        "poe": 76,
        "pbe": 79,
        "prefix": "",
        "is_primary": false,
        "history_type": "N",
        "block": 0,
        "ordinal": 400,
        "time_model_role_id": 0,
        "id": 84,
        "name": "8247dd29-9927-4527-9161-2e2a2f6ae460",
        "version": 637514851292500000,
        "metadata": {
          "creation_time": 637514851292500000,
          "modification_time": 637514851292500000,
          "tags": [],
          "caller_role": "NONE"
        }
      },
      "tags": [],
      "software_version": 1
    },
    {
      "id": 85,
      "path": "/",
      "name": "76c1c861-2787-4322-ba7f-3765781a003c",
      "type": "TableColumn",
      "creation_time": 0,
      "modification_time": 0,
      "inner_item": {
        "$type": "TableColumnDto",
        "poe": 76,
        "pbe": 80,
        "prefix": "",
        "is_primary": false,
        "history_type": "N",
        "block": 0,
        "ordinal": 500,
        "time_model_role_id": 0,
        "id": 85,
        "name": "76c1c861-2787-4322-ba7f-3765781a003c",
        "version": 637514851292500000,
        "metadata": {
          "creation_time": 637514851292500000,
          "modification_time": 637514851292500000,
          "tags": [],
          "caller_role": "NONE"
        }
      },
      "tags": [],
      "software_version": 1
    },
    {
      "id": 72,
      "path": "/",
      "name": "Map_customers_Sales_Landing",
      "type": "Mapping",
      "creation_time": 0,
      "modification_time": 0,
      "inner_item": {
        "$type": "MappingDto",
        "entity_id": 6,
        "is_active_mapping_pi": false,
        "schema": "pl_dbricks_demo_sc_landing",
        "database_id": 5,
        "table_name": "customers",
        "mapping_type": "TABLE",
        "is_aggregated": false,
        "mapping_fields": [
          {
            "mapping_type": "DIRECT",
            "source_col_name": "customerNumber",
            "staging_col_name_int": "COLID_36_7"
          },
          {
            "mapping_type": "DIRECT",
            "source_col_name": "customerName",
            "staging_col_name_int": "COLID_40_8"
          },
          {
            "mapping_type": "DIRECT",
            "source_col_name": "contactLastName",
            "staging_col_name_int": "COLID_41_9"
          },
          {
            "mapping_type": "DIRECT",
            "source_col_name": "contactFirstName",
            "staging_col_name_int": "COLID_42_10"
          },
          {
            "mapping_type": "DIRECT",
            "source_col_name": "phone",
            "staging_col_name_int": "COLID_43_11"
          },
          {
            "mapping_type": "DIRECT",
            "source_col_name": "addressLine1",
            "staging_col_name_int": "COLID_44_12"
          },
          {
            "mapping_type": "DIRECT",
            "source_col_name": "addressLine2",
            "staging_col_name_int": "COLID_45_13"
          },
          {
            "mapping_type": "DIRECT",
            "source_col_name": "city",
            "staging_col_name_int": "COLID_46_14"
          },
          {
            "mapping_type": "DIRECT",
            "source_col_name": "state",
            "staging_col_name_int": "COLID_47_15"
          },
          {
            "mapping_type": "DIRECT",
            "source_col_name": "postalCode",
            "staging_col_name_int": "COLID_48_16"
          },
          {
            "mapping_type": "DIRECT",
            "source_col_name": "country",
            "staging_col_name_int": "COLID_49_17"
          },
          {
            "mapping_type": "DIRECT",
            "source_col_name": "salesRepEmployeeNumber",
            "staging_col_name_int": "COLID_50_18"
          },
          {
            "mapping_type": "DIRECT",
            "source_col_name": "creditLimit",
            "staging_col_name_int": "COLID_51_19"
          }
        ],
        "data_quality_rules": [
          {
            "action": "REJECT_AND_REPORT",
            "type": "EXPRESSION",
            "name": "Business Keys cannot be NULL",
            "enabled": false,
            "order": 0,
            "is_internal": true
          }
        ],
        "cleansing_rules": [],
        "null_behaviour": "USE_ETL_SETTING",
        "refresh_realtime_view": false,
        "id": 72,
        "name": "Map_customers_Sales_Landing",
        "version": 637514121094010000,
        "metadata": {
          "creation_time": 637514121093990000,
          "modification_time": 637514121094010000,
          "tags": [],
          "caller_role": "NONE"
        }
      },
      "tags": [],
      "software_version": 2
    },
    {
      "id": 73,
      "path": "/",
      "name": "Map_locations_Sales_Landing",
      "type": "Mapping",
      "creation_time": 0,
      "modification_time": 0,
      "inner_item": {
        "$type": "MappingDto",
        "entity_id": 20,
        "is_active_mapping_pi": false,
        "schema": "pl_dbricks_demo_sc_landing",
        "database_id": 5,
        "table_name": "locations",
        "mapping_type": "TABLE",
        "is_aggregated": false,
        "mapping_fields": [
          {
            "mapping_type": "DIRECT",
            "source_col_name": "location_id",
            "staging_col_name_int": "COLID_37_21"
          },
          {
            "mapping_type": "DIRECT",
            "source_col_name": "region",
            "staging_col_name_int": "COLID_52_22"
          },
          {
            "mapping_type": "DIRECT",
            "source_col_name": "country",
            "staging_col_name_int": "COLID_53_17"
          }
        ],
        "data_quality_rules": [
          {
            "action": "REJECT_AND_REPORT",
            "type": "EXPRESSION",
            "name": "Business Keys cannot be NULL",
            "enabled": false,
            "order": 0,
            "is_internal": true
          }
        ],
        "cleansing_rules": [],
        "null_behaviour": "USE_ETL_SETTING",
        "refresh_realtime_view": false,
        "id": 73,
        "name": "Map_locations_Sales_Landing",
        "version": 637514121094080000,
        "metadata": {
          "creation_time": 637514121094070000,
          "modification_time": 637514121094080000,
          "tags": [],
          "caller_role": "NONE"
        }
      },
      "tags": [],
      "software_version": 2
    },
    {
      "id": 74,
      "path": "/",
      "name": "Map_offices_Sales_Landing",
      "type": "Mapping",
      "creation_time": 0,
      "modification_time": 0,
      "inner_item": {
        "$type": "MappingDto",
        "entity_id": 23,
        "is_active_mapping_pi": false,
        "schema": "pl_dbricks_demo_sc_landing",
        "database_id": 5,
        "table_name": "offices",
        "mapping_type": "TABLE",
        "is_aggregated": false,
        "mapping_fields": [
          {
            "mapping_type": "DIRECT",
            "source_col_name": "officeCode",
            "staging_col_name_int": "COLID_38_24"
          },
          {
            "mapping_type": "DIRECT",
            "source_col_name": "city",
            "staging_col_name_int": "COLID_54_14"
          },
          {
            "mapping_type": "DIRECT",
            "source_col_name": "phone",
            "staging_col_name_int": "COLID_55_11"
          },
          {
            "mapping_type": "DIRECT",
            "source_col_name": "addressLine1",
            "staging_col_name_int": "COLID_56_12"
          },
          {
            "mapping_type": "DIRECT",
            "source_col_name": "addressLine2",
            "staging_col_name_int": "COLID_57_13"
          },
          {
            "mapping_type": "DIRECT",
            "source_col_name": "state",
            "staging_col_name_int": "COLID_58_15"
          },
          {
            "mapping_type": "DIRECT",
            "source_col_name": "country",
            "staging_col_name_int": "COLID_59_17"
          },
          {
            "mapping_type": "DIRECT",
            "source_col_name": "postalCode",
            "staging_col_name_int": "COLID_60_16"
          },
          {
            "mapping_type": "DIRECT",
            "source_col_name": "territory",
            "staging_col_name_int": "COLID_61_25"
          }
        ],
        "data_quality_rules": [
          {
            "action": "REJECT_AND_REPORT",
            "type": "EXPRESSION",
            "name": "Business Keys cannot be NULL",
            "enabled": false,
            "order": 0,
            "is_internal": true
          }
        ],
        "cleansing_rules": [],
        "null_behaviour": "USE_ETL_SETTING",
        "refresh_realtime_view": false,
        "id": 74,
        "name": "Map_offices_Sales_Landing",
        "version": 637514121094110000,
        "metadata": {
          "creation_time": 637514121094100000,
          "modification_time": 637514121094110000,
          "tags": [],
          "caller_role": "NONE"
        }
      },
      "tags": [],
      "software_version": 2
    },
    {
      "id": 75,
      "path": "/",
      "name": "Map_products_Sales_Landing",
      "type": "Mapping",
      "creation_time": 0,
      "modification_time": 0,
      "inner_item": {
        "$type": "MappingDto",
        "entity_id": 26,
        "is_active_mapping_pi": false,
        "schema": "pl_dbricks_demo_sc_landing",
        "database_id": 5,
        "table_name": "products",
        "mapping_type": "TABLE",
        "is_aggregated": false,
        "mapping_fields": [
          {
            "mapping_type": "DIRECT",
            "source_col_name": "productCode",
            "staging_col_name_int": "COLID_39_27"
          },
          {
            "mapping_type": "DIRECT",
            "source_col_name": "productName",
            "staging_col_name_int": "COLID_62_28"
          },
          {
            "mapping_type": "DIRECT",
            "source_col_name": "productLine",
            "staging_col_name_int": "COLID_63_29"
          },
          {
            "mapping_type": "DIRECT",
            "source_col_name": "productscale",
            "staging_col_name_int": "COLID_64_30"
          },
          {
            "mapping_type": "DIRECT",
            "source_col_name": "productVendor",
            "staging_col_name_int": "COLID_65_31"
          },
          {
            "mapping_type": "DIRECT",
            "source_col_name": "productDescription",
            "staging_col_name_int": "COLID_66_32"
          },
          {
            "mapping_type": "DIRECT",
            "source_col_name": "quantityInStock",
            "staging_col_name_int": "COLID_67_33"
          },
          {
            "mapping_type": "DIRECT",
            "source_col_name": "buyPrice",
            "staging_col_name_int": "COLID_68_34"
          },
          {
            "mapping_type": "DIRECT",
            "source_col_name": "MSRP",
            "staging_col_name_int": "COLID_69_35"
          }
        ],
        "data_quality_rules": [
          {
            "action": "REJECT_AND_REPORT",
            "type": "EXPRESSION",
            "name": "Business Keys cannot be NULL",
            "enabled": false,
            "order": 0,
            "is_internal": true
          }
        ],
        "cleansing_rules": [],
        "null_behaviour": "USE_ETL_SETTING",
        "refresh_realtime_view": false,
        "id": 75,
        "name": "Map_products_Sales_Landing",
        "version": 637514121094130000,
        "metadata": {
          "creation_time": 637514121094120000,
          "modification_time": 637514121094130000,
          "tags": [],
          "caller_role": "NONE"
        }
      },
      "tags": [],
      "software_version": 2
    },
    {
      "id": 86,
      "path": "/",
      "name": "Map_orderdetails_Sales_Landing",
      "type": "Mapping",
      "creation_time": 0,
      "modification_time": 0,
      "inner_item": {
        "$type": "MappingDto",
        "entity_id": 76,
        "is_active_mapping_pi": false,
        "schema": "pl_dbricks_demo_sc_landing",
        "database_id": 5,
        "table_name": "orderdetails",
        "mapping_type": "TABLE",
        "is_aggregated": false,
        "mapping_fields": [
          {
            "mapping_type": "DIRECT",
            "source_col_name": "orderNumber",
            "staging_col_name_int": "COLID_81_77"
          },
          {
            "mapping_type": "DIRECT",
            "source_col_name": "productCode",
            "staging_col_name_int": "COLID_82_27"
          },
          {
            "mapping_type": "DIRECT",
            "source_col_name": "quantityOrdered",
            "staging_col_name_int": "COLID_83_78"
          },
          {
            "mapping_type": "DIRECT",
            "source_col_name": "priceEach",
            "staging_col_name_int": "COLID_84_79"
          },
          {
            "mapping_type": "DIRECT",
            "source_col_name": "orderLineNumber",
            "staging_col_name_int": "COLID_85_80"
          }
        ],
        "data_quality_rules": [
          {
            "action": "REJECT_AND_REPORT",
            "type": "EXPRESSION",
            "name": "Business Keys cannot be NULL",
            "enabled": false,
            "order": 0,
            "is_internal": true
          }
        ],
        "cleansing_rules": [],
        "null_behaviour": "USE_ETL_SETTING",
        "refresh_realtime_view": false,
        "id": 86,
        "name": "Map_orderdetails_Sales_Landing",
        "version": 637514851292620000,
        "metadata": {
          "creation_time": 637514851292610000,
          "modification_time": 637514851292620000,
          "tags": [],
          "caller_role": "NONE"
        }
      },
      "tags": [],
      "software_version": 2
    },
    {
      "id": 70,
      "path": "/",
      "name": "Sales_Landing",
      "type": "ETLInfo",
      "creation_time": 0,
      "modification_time": 0,
      "inner_item": {
        "$type": "ETLInfoDto",
        "data": {
          "seqr_processing": false,
          "FULLREBUILD": false,
          "SELOFRUNS": 0,
          "EMPTYRUNNRSTABLE": true,
          "INSERTRUNNRSTABLE": true,
          "MAXCDC_COLUMNS": 10,
          "SPLITRELSANDATTS": false,
          "STOPAFTERSTAGING": false,
          "PARAM_RUNNR": "1",
          "dm_cohorts": [],
          "engine_settings": {
            "thread_connection_settings": {
              "thread_pool_size": 10,
              "thread_pool_max": 18,
              "thread_queue_max": 10000,
              "thread_timeout": 3000
            },
            "database_connection_settings": {
              "db_pool_size": 200,
              "db_reap_interval": 30000,
              "db_lease_timeout": 60000,
              "print_db_leases": false
            },
            "engine_logging_settings": {
              "log_level": "INFO",
              "log_file": "$project-path$\\$task-name$\\$task-name$_Log.log",
              "log_file_timestamp": true,
              "log_console": true,
              "log_stack_trace": false,
              "log_jdbc_driver_output": false,
              "log_mapping_fields": false,
              "log_mapping_values": false,
              "log_sync_provider_output": false,
              "log_prep_statmt_bindings": false,
              "log_dbms_leasing": false,
              "log_table_contents": false,
              "log_sql_monitor_output": false,
              "log_param_substitution": false,
              "log_mop_ids": false,
              "log_java_env": false,
              "log_mopping_state": false,
              "log_table_cache_rows": 20,
              "print_final_log": false,
              "print_dbms_info": false,
              "create_missing_tables": false
            },
            "mopping_thread_settings": {
              "mop_direct_write": false,
              "mop_thread_pool_size": 18,
              "mop_thread_pool_max": 18,
              "mop_thread_queue_max": 2500,
              "mop_thread_timeout": 3000,
              "mop_write_queue_max": 100,
              "mop_no_id_ledelins": true,
              "mop_without_write": false
            },
            "general_settings": {
              "java_mem": "-Xms1024M -Xmx4096M",
              "stt_date": "NOW",
              "up_ddate": "NOW",
              "tgt_os": "MSWL",
              "tgt_sh": "cmd",
              "validate_data_types": false,
              "validate_only": false,
              "fetch_size": 1000,
              "batch_max_rows": 20,
              "nr_of_committed_rows": 10000,
              "parameter_worm": true,
              "instruction_delay": false,
              "memory_reaper": false,
              "ORACLE_DATADIRECT": false,
              "ORACLE_TNSNAMES": "",
              "SQLSERVER_DATADIRECT": false,
              "SQLSERVER_DRIVER_1_1": true,
              "JTDS": false,
              "DB2_DATADIRECT": false,
              "encrypted_password": true,
              "change_processing_by_query": false
            },
            "advanced_settings": {
              "retain_stg_tables": false,
              "retain_imt_tables": false,
              "imt_tables_volatile": false,
              "write_etl_cmnds_to_db": false
            },
            "spark_settings": {
              "properties": {}
            }
          },
          "Using_Max_partitions_for_CDC": false,
          "Max_partitions_for_CDC": 0,
          "workflow_position": 1,
          "dwh_full_load": false,
          "dm_enable_table_logging": false,
          "allow_updating_to_null": true,
          "do_not_create_indexes": false,
          "CDC__delay": 0
        },
        "active_mappings": [
          72,
          73,
          74,
          75,
          86
        ],
        "entity_action": [],
        "etl_type": "DataWarehouse",
        "active_custom_etls": [],
        "task_Stage": "DataWarehouse",
        "id": 70,
        "name": "Sales_Landing",
        "version": 637520932039780000,
        "metadata": {
          "creation_time": 637514121093850000,
          "modification_time": 637520932039780000,
          "tags": [],
          "caller_role": "NONE"
        }
      },
      "tags": [],
      "software_version": 1
    },
    {
      "id": 71,
      "path": "/",
      "name": "Sales_Landing_CDC",
      "type": "ETLInfo",
      "creation_time": 0,
      "modification_time": 0,
      "inner_item": {
        "$type": "ETLInfoDto",
        "data": {
          "seqr_processing": false,
          "FULLREBUILD": false,
          "SELOFRUNS": 0,
          "EMPTYRUNNRSTABLE": true,
          "INSERTRUNNRSTABLE": true,
          "MAXCDC_COLUMNS": 10,
          "SPLITRELSANDATTS": false,
          "STOPAFTERSTAGING": false,
          "PARAM_RUNNR": "1",
          "dm_cohorts": [],
          "engine_settings": {
            "thread_connection_settings": {
              "thread_pool_size": 10,
              "thread_pool_max": 18,
              "thread_queue_max": 10000,
              "thread_timeout": 3000
            },
            "database_connection_settings": {
              "db_pool_size": 200,
              "db_reap_interval": 30000,
              "db_lease_timeout": 60000,
              "print_db_leases": false
            },
            "engine_logging_settings": {
              "log_level": "INFO",
              "log_file": "$project-path$\\$task-name$\\$task-name$_Log.log",
              "log_file_timestamp": true,
              "log_console": true,
              "log_stack_trace": false,
              "log_jdbc_driver_output": false,
              "log_mapping_fields": false,
              "log_mapping_values": false,
              "log_sync_provider_output": false,
              "log_prep_statmt_bindings": false,
              "log_dbms_leasing": false,
              "log_table_contents": false,
              "log_sql_monitor_output": false,
              "log_param_substitution": false,
              "log_mop_ids": false,
              "log_java_env": false,
              "log_mopping_state": false,
              "log_table_cache_rows": 20,
              "print_final_log": false,
              "print_dbms_info": false,
              "create_missing_tables": false
            },
            "mopping_thread_settings": {
              "mop_direct_write": false,
              "mop_thread_pool_size": 18,
              "mop_thread_pool_max": 18,
              "mop_thread_queue_max": 2500,
              "mop_thread_timeout": 3000,
              "mop_write_queue_max": 100,
              "mop_no_id_ledelins": true,
              "mop_without_write": false
            },
            "general_settings": {
              "java_mem": "-Xms1024M -Xmx4096M",
              "stt_date": "NOW",
              "up_ddate": "NOW",
              "tgt_os": "MSWL",
              "tgt_sh": "cmd",
              "validate_data_types": false,
              "validate_only": false,
              "fetch_size": 1000,
              "batch_max_rows": 20,
              "nr_of_committed_rows": 10000,
              "parameter_worm": true,
              "instruction_delay": false,
              "memory_reaper": false,
              "ORACLE_DATADIRECT": false,
              "ORACLE_TNSNAMES": "",
              "SQLSERVER_DATADIRECT": false,
              "SQLSERVER_DRIVER_1_1": true,
              "JTDS": false,
              "DB2_DATADIRECT": false,
              "encrypted_password": true,
              "change_processing_by_query": false
            },
            "advanced_settings": {
              "retain_stg_tables": false,
              "retain_imt_tables": false,
              "imt_tables_volatile": false,
              "write_etl_cmnds_to_db": false
            },
            "spark_settings": {
              "properties": {}
            }
          },
          "Using_Max_partitions_for_CDC": false,
          "Max_partitions_for_CDC": 0,
          "workflow_position": 1,
          "dwh_full_load": false,
          "dm_enable_table_logging": false,
          "allow_updating_to_null": true,
          "do_not_create_indexes": false,
          "CDC__delay": 0
        },
        "active_mappings": [
          72,
          73,
          74,
          75,
          86
        ],
        "entity_action": [
          {
            "handle_duplicates": true,
            "ext_load": false,
            "entity_id": 6
          },
          {
            "handle_duplicates": true,
            "ext_load": false,
            "entity_id": 20
          },
          {
            "handle_duplicates": true,
            "ext_load": false,
            "entity_id": 23
          },
          {
            "handle_duplicates": true,
            "ext_load": false,
            "entity_id": 26
          },
          {
            "handle_duplicates": true,
            "ext_load": false,
            "entity_id": 76
          }
        ],
        "etl_type": "DataWarehouse_CDC",
        "active_custom_etls": [],
        "task_Stage": "DataWarehouse",
        "id": 71,
        "name": "Sales_Landing_CDC",
        "version": 637520052368280000,
        "metadata": {
          "creation_time": 637514121093850000,
          "modification_time": 637520052368280000,
          "tags": [],
          "caller_role": "NONE"
        }
      },
      "tags": [],
      "software_version": 1
    }
  ]
}